INSERT INTO EVENTO VALUES ('TUSCA', TO_DATE('11/10/18', 'DD/MM/YY'), 'FESTA'); 
INSERT INTO EVENTO VALUES ('INTERUSP', TO_DATE('01/03/18', 'DD/MM/YY'), 'FESTA');
INSERT INTO EVENTO VALUES ('FINAL BASQUETE', TO_DATE('12/10/18', 'DD/MM/YY'), 'CONFRATERNIZACAO'); 
INSERT INTO EVENTO VALUES ('FINAL VOLEI', TO_DATE('02/03/18', 'DD/MM/YY'), 'CONFRATERNIZACAO');

INSERT INTO REPUBLICA VALUES ('GATO PRETO', 'RUA N, 500', 5.3, 500, 100); 
INSERT INTO REPUBLICA VALUES ('VEIA LOKA', 'RUA CAIO, 333', 6.7, 655, 150); 

INSERT INTO PROPRIETARIOREP VALUES ('GATO PRETO', 'BRUDEL'); 
INSERT INTO PROPRIETARIOREP VALUES ('VEIA LOKA', 'CAIO'); 
INSERT INTO PROPRIETARIOREP VALUES ('GATO PRETO', 'MARCELO');
INSERT INTO PROPRIETARIOREP VALUES ('GATO PRETO', 'MARINA'); 

INSERT INTO FESTA VALUES ('TUSCA', TO_DATE('11/10/18', 'DD/MM/YY'), 'GATO PRETO');
INSERT INTO FESTA VALUES ('INTERUSP', TO_DATE('01/03/18', 'DD/MM/YY'), 'VEIA LOKA'); 

INSERT INTO CASAFESTA VALUES ('BANANA', 74103510000120, 'RUA LONGE, 2', 500, 3000, 1000); 
INSERT INTO CASAFESTA VALUES ('OASIS', 43291382000162, 'RUA MENOS LONGE, 4', 400, 2400, 800); 

INSERT INTO CONFRATERNIZACAO VALUES ('FINAL BASQUETE', TO_DATE('12/10/18', 'DD/MM/YY'), 'BANANA');
INSERT INTO CONFRATERNIZACAO VALUES ('FINAL VOLEI', TO_DATE('02/03/18', 'DD/MM/YY'), 'OASIS');

INSERT INTO CONVIDADO VALUES (17084761560, 'JOSE CARLOS','USP', 1, 0, TO_DATE('01/01/2001', 'DD/MM/YYYY')); 
INSERT INTO CONVIDADO VALUES (40427686288, 'TEO MAGNINO', 'USP', 0, 1, TO_DATE('03/03/1993', 'DD/MM/YYYY')); 
INSERT INTO CONVIDADO VALUES (21617451070, 'CASSIANO', 'UFSCAR', 0, 1, TO_DATE('02/01/2001', 'DD/MM/YYYY')); 
INSERT INTO CONVIDADO VALUES (67155391972, 'AMANDA', 'UFSCAR', 1, 0, TO_DATE('17/04/1994', 'DD/MM/YYYY'));

INSERT INTO JOGADOR VALUES (40427686288, 'CAASO', 'BADMINTON');
INSERT INTO JOGADOR VALUES (21617451070, 'COMP FEDERAL', 'NATACAO');

INSERT INTO UNIVERSITARIO VALUES (17084761560); 
INSERT INTO UNIVERSITARIO VALUES (67155391972);

INSERT INTO MOTORISTA VALUES (71428104312, 'ANA MAIA');
INSERT INTO MOTORISTA VALUES (52002443832, 'CEZAR TATU');

INSERT INTO TRANSPORTE VALUES ('ABC1234', 'KOMBI');
INSERT INTO TRANSPORTE VALUES ('LOL1337', 'CAMBURAO');

INSERT INTO CONDUCAO VALUES (52002443832, 'LOL1337', TO_DATE('11/10/18', 'DD/MM/YY'));
INSERT INTO CONDUCAO VALUES (71428104312, 'ABC1234', TO_DATE('01/03/18', 'DD/MM/YY'));

INSERT INTO VIAGEM VALUES (40427686288, 'LOL1337', 'FINAL BASQUETE', TO_DATE('12/10/18', 'DD/MM/YY'), TO_DATE('12/10/18 8:00', 'DD/MM/YY HH:MI'));
INSERT INTO VIAGEM VALUES (21617451070, 'ABC1234', 'FINAL VOLEI', TO_DATE('02/03/18', 'DD/MM/YY'), TO_DATE('02/03/18 7:30', 'DD/MM/YY HH:MI'));

INSERT INTO TRAJETO VALUES (17084761560, 'LOL1337', 'TUSCA', TO_DATE('11/10/18', 'DD/MM/YY'), TO_DATE('11/10/18 2:00', 'DD/MM/YY HH:MI'));
INSERT INTO TRAJETO VALUES (67155391972, 'ABC1234', 'INTERUSP', TO_DATE('01/03/18', 'DD/MM/YY'), TO_DATE('01/03/18 4:00', 'DD/MM/YY HH:MI'));

INSERT INTO SEGURANCA VALUES (98989147000, 'GABRIEL TOSCHI');
INSERT INTO SEGURANCA VALUES (74317511096, 'MARCOS WENDELL');

INSERT INTO SEGURANCATRABALHA VALUES (98989147000, 'FINAL VOLEI', TO_DATE('02/03/18', 'DD/MM/YY'));
INSERT INTO SEGURANCATRABALHA VALUES (74317511096, 'TUSCA', TO_DATE('11/10/18', 'DD/MM/YY'));

INSERT INTO DJ VALUES (23973128081, 'GIOVANA CRAVEIRO', 80, 'PAGODE'); 
INSERT INTO DJ VALUES (02548752038, 'VILA', 120, 'LOFI');

INSERT INTO DJPERFORMA VALUES (23973128081, 'TUSCA', TO_DATE('11/10/18', 'DD/MM/YY'));
INSERT INTO DJPERFORMA VALUES (02548752038, 'FINAL BASQUETE', TO_DATE('12/10/18', 'DD/MM/YY')); 

INSERT INTO FOODTRUCK VALUES (27905158000167, 'DOGAO DO DAVID'); 
INSERT INTO FOODTRUCK VALUES (83619889000117, 'JAPA DO TAIKO');

INSERT INTO COMIDASFT VALUES (27905158000167, 'CACHORRO QUENTE', 10);
INSERT INTO COMIDASFT VALUES (27905158000167, 'BATATA FRITA', 8);
INSERT INTO COMIDASFT VALUES (83619889000117, 'TEMAKI', 20);
INSERT INTO COMIDASFT VALUES (83619889000117, 'HOT ROLL', 22);

INSERT INTO PROPRIETARIOFT VALUES (27905158000167, 'JOAO MILEY', 920271015); 
INSERT INTO PROPRIETARIOFT VALUES (83619889000117, 'MATHEUS MICANGA', NULL);

INSERT INTO COMIDAFESTA VALUES (27905158000167, 'INTERUSP', TO_DATE('01/03/18', 'DD/MM/YY'));  
INSERT INTO COMIDAFESTA VALUES (83619889000117, 'TUSCA', TO_DATE('11/10/18', 'DD/MM/YY'));

INSERT INTO BUFFET VALUES (59846515000150, 'COMIDINHAS DA BIA');
INSERT INTO BUFFET VALUES (02754260000188, 'DELICIAS DA THAIS');

INSERT INTO PRATOSQUENTES VALUES (59846515000150, 'RONDELLI');
INSERT INTO PRATOSQUENTES VALUES (59846515000150, 'FILE MADEIRA');

INSERT INTO ACOMPANHAMENTOS VALUES (02754260000188, 'COUVE REFOGADA');
INSERT INTO ACOMPANHAMENTOS VALUES (59846515000150, 'CREME DE MILHO');

INSERT INTO SALADAS VALUES (02754260000188, 'SALADA CAESAR');
INSERT INTO SALADAS VALUES (02754260000188, 'MIX DE FOLHAS');

INSERT INTO PROPRIETARIOBUF VALUES(59846515000150, 'FERNANDA MARANA', 920426718);
INSERT INTO PROPRIETARIOBUF VALUES(02754260000188, 'CASIO TOLEDO', 927483017);

INSERT INTO COMIDACONF VALUES (59846515000150, 'FINAL BASQUETE', TO_DATE('12/10/18', 'DD/MM/YY'));
INSERT INTO COMIDACONF VALUES (02754260000188, 'FINAL VOLEI', TO_DATE('02/03/18', 'DD/MM/YY'));


INSERT INTO BEBIDA VALUES ('COCA COLA', 350, 2.50);
INSERT INTO BEBIDA VALUES ('CERVEJA', NULL, 5.00);

INSERT INTO BEBIDASERVIDA  VALUES ('CERVEJA', 'TUSCA', TO_DATE('11/10/18', 'DD/MM/YY'));
INSERT INTO BEBIDASERVIDA VALUES ('COCA COLA', 'FINAL VOLEI', TO_DATE('02/03/18', 'DD/MM/YY'));

INSERT INTO MEDALHA VALUES ('FINAL VOLEI', TO_DATE('02/03/18', 'DD/MM/YY'), 'VOLEI', 3, 'BRONZE', 40427686288);
INSERT INTO MEDALHA VALUES ('FINAL VOLEI', TO_DATE('02/03/18', 'DD/MM/YY'), 'BASQUETE', 1, 'OURO', 21617451070);

INSERT INTO PULSEIRA VALUES (0000000001, 'BRANCO', 40427686288, 'INTERUSP', TO_DATE('01/03/18', 'DD/MM/YY'));
INSERT INTO PULSEIRA VALUES (0000000002, 'VERMELHO', 17084761560, 'TUSCA', TO_DATE('11/10/18', 'DD/MM/YY'));
